City_ID,City,Country,Lat,Lng,Max Temp,Humidity,Cloudiness,Wind Speed,Current Description
0,Arraial Do Cabo,BR,-22.9661,-42.0278,85.86,58,0,13.8,clear sky
1,Rikitea,PF,-23.1203,-134.9692,77.18,77,84,16.06,broken clouds
2,Busselton,AU,-33.65,115.3333,57.22,73,33,10.4,scattered clouds
3,Bend,US,44.0582,-121.3153,41.99,70,0,5.01,clear sky
4,East London,ZA,-33.0153,27.9116,76.14,60,0,4.61,clear sky
5,Ahipara,NZ,-35.1667,173.1667,56.01,86,65,6.02,broken clouds
6,Ushuaia,AR,-54.8,-68.3,42.42,75,75,4.61,broken clouds
7,Montlucon,FR,46.3333,2.6,67.69,55,24,7.96,few clouds
8,Aquiraz,BR,-3.9014,-38.3911,89.69,80,80,13.27,broken clouds
9,Hobart,AU,-42.8794,147.3294,62.46,66,75,14.97,broken clouds
10,Georgetown,MY,5.4112,100.3354,83.95,89,20,2.3,heavy intensity rain
11,Yellowknife,CA,62.456,-114.3525,34.32,69,75,19.57,broken clouds
12,Teguldet,RU,57.3064,88.1667,35.29,76,32,8.55,scattered clouds
13,Vaini,TO,-21.2,-175.2,73.56,78,20,8.05,few clouds
14,Ayr,GB,55.4627,-4.6339,58.32,76,40,6.91,scattered clouds
15,Buckeye,US,33.3703,-112.5838,79.2,25,0,0.0,clear sky
16,Mataura,NZ,-46.1927,168.8643,47.48,89,52,2.55,broken clouds
17,Nea Peramos,GR,38.0076,23.423,69.57,59,75,8.05,broken clouds
18,Punta Arenas,CL,-53.15,-70.9167,44.71,76,40,31.07,light rain
19,Castro,BR,-24.7911,-50.0119,70.79,70,89,10.07,moderate rain
20,Karlstad,SE,59.3793,13.5036,50.56,27,20,10.36,few clouds
21,Dudinka,RU,69.4058,86.1778,20.62,97,100,3.58,overcast clouds
22,Hithadhoo,MV,-0.6,73.0833,82.63,77,100,15.17,overcast clouds
23,Provideniya,RU,64.3833,-173.3,18.75,70,16,6.33,few clouds
24,Batemans Bay,AU,-35.7167,150.1833,58.1,81,0,6.73,clear sky
25,Klaksvik,FO,62.2266,-6.589,43.72,92,100,27.87,light rain
26,Bluff,NZ,-46.6,168.3333,47.8,85,92,7.38,overcast clouds
27,Nikolskoye,RU,59.7035,30.7861,45.88,46,84,12.77,broken clouds
28,Nome,US,64.5011,-165.4064,17.67,68,0,0.0,clear sky
29,Norman Wells,CA,65.282,-126.8329,44.64,61,75,9.22,broken clouds
30,Kenai,US,60.5544,-151.2583,42.1,76,99,10.54,overcast clouds
31,Cape Town,ZA,-33.9258,18.4232,69.28,81,0,18.41,clear sky
32,Uthal,PK,25.8072,66.6219,84.33,66,0,14.07,clear sky
33,Tiarei,PF,-17.5333,-149.3333,77.02,80,100,10.16,light rain
34,Khatanga,RU,71.9667,102.5,16.18,95,100,6.98,overcast clouds
35,Cidreira,BR,-30.1811,-50.2056,64.51,93,100,21.61,moderate rain
36,Atuona,PF,-9.8,-139.0333,78.91,79,10,17.18,clear sky
37,Bengkulu,ID,-3.8004,102.2655,77.49,87,100,4.0,light rain
38,Jalu,LY,29.0331,21.5482,80.94,24,4,12.26,clear sky
39,Guerrero Negro,MX,27.9769,-114.0611,60.93,74,100,12.37,overcast clouds
40,Kapaa,US,22.0752,-159.319,71.11,92,55,1.99,broken clouds
41,Kerema,PG,-7.9631,145.7785,79.02,88,82,3.56,light rain
42,Altay,CN,47.8667,88.1167,57.16,71,100,4.09,overcast clouds
43,Severo-Kurilsk,RU,50.6789,156.125,34.68,92,100,9.78,overcast clouds
44,Sidi Ali,DZ,36.0998,0.4206,65.52,57,17,11.54,few clouds
45,Upernavik,GL,72.7868,-56.1549,9.18,77,11,9.64,few clouds
46,Kavieng,PG,-2.5744,150.7967,81.59,81,93,6.91,light rain
47,Kamaishi,JP,39.2667,141.8833,43.88,82,28,7.96,scattered clouds
48,Brigantine,US,39.4101,-74.3646,62.02,85,99,13.78,overcast clouds
49,Great Falls,US,47.5002,-111.3008,49.15,72,85,3.0,overcast clouds
50,Lyuban,BY,52.7985,28.0048,58.62,62,80,12.62,broken clouds
51,Carnarvon,AU,-24.8667,113.6333,75.2,58,0,17.78,clear sky
52,Araouane,ML,18.9048,-3.5265,98.38,7,82,4.05,broken clouds
53,Iqaluit,CA,63.7506,-68.5145,11.7,72,6,17.0,clear sky
54,Hilo,US,19.7297,-155.09,72.28,94,100,6.91,moderate rain
55,Saint Anthony,US,45.0205,-93.218,49.1,62,75,10.36,broken clouds
56,Cherskiy,RU,68.75,161.3,19.71,91,82,5.84,broken clouds
57,Los Llanos De Aridane,ES,28.6585,-17.9182,65.95,81,75,17.27,broken clouds
58,Qaanaaq,GL,77.484,-69.3632,16.57,65,99,2.59,overcast clouds
59,Ballina,AU,-28.8667,153.5667,63.01,99,27,6.04,scattered clouds
60,Mahebourg,MU,-20.4081,57.7,77.29,83,75,4.61,broken clouds
61,Catamarca,AR,-28.4696,-65.7852,68.58,40,0,1.99,clear sky
62,New Norfolk,AU,-42.7826,147.0587,62.1,58,34,1.99,scattered clouds
63,Albany,US,42.6001,-73.9662,58.35,72,64,1.01,broken clouds
64,Avarua,CK,-21.2078,-159.775,78.85,94,100,20.71,light rain
65,La Ronge,CA,55.1001,-105.2842,30.42,93,100,12.66,overcast clouds
66,Butaritari,KI,3.0707,172.7902,81.37,76,16,11.7,light rain
67,Barrow,US,71.2906,-156.7887,21.22,93,100,10.36,mist
68,Poum,NC,-20.2333,164.0167,77.13,82,2,16.24,clear sky
69,Jamestown,US,42.097,-79.2353,57.94,78,100,7.0,overcast clouds
70,Sao Filipe,CV,14.8961,-24.4956,73.56,74,2,14.23,clear sky
71,Codrington,AU,-38.2667,141.9667,55.63,86,99,10.74,overcast clouds
72,Ewa Beach,US,21.3156,-158.0072,75.15,78,100,6.91,light rain
73,Tiksi,RU,71.6872,128.8694,9.05,97,97,5.35,overcast clouds
74,Havoysund,NO,70.9963,24.6622,30.43,56,100,12.88,light snow
75,Kununurra,AU,-15.7667,128.7333,73.38,78,0,0.0,clear sky
76,Kaitangata,NZ,-46.2817,169.8464,49.59,82,17,4.07,few clouds
77,Mar Del Plata,AR,-38.0023,-57.5575,57.94,53,0,8.01,clear sky
78,Port Alfred,ZA,-33.5906,26.891,70.18,89,29,4.0,scattered clouds
79,Fortuna,US,40.5982,-124.1573,47.32,91,0,3.44,clear sky
80,Asau,RO,46.4333,26.4,63.95,38,100,6.35,overcast clouds
81,Kiama,AU,-34.6833,150.8667,63.57,83,0,6.17,clear sky
82,Port Elizabeth,ZA,-33.918,25.5701,74.1,90,100,5.01,overcast clouds
83,Lorengau,PG,-2.0226,147.2712,80.67,80,99,3.44,overcast clouds
84,Bambanglipuro,ID,-7.95,110.2833,79.38,89,93,8.41,overcast clouds
85,Lasa,IT,46.6166,10.7002,63.7,85,93,1.79,overcast clouds
86,Vila,PT,42.0304,-8.1588,61.68,50,71,4.36,broken clouds
87,Lazaro Cardenas,MX,17.9583,-102.2,82.54,34,100,1.19,overcast clouds
88,Novaya Igirma,RU,57.1334,103.9112,34.61,81,67,9.28,broken clouds
89,Coihaique,CL,-45.5752,-72.0662,45.39,98,100,6.51,moderate rain
90,Acapulco,MX,16.8634,-99.8901,84.87,46,98,4.68,overcast clouds
91,Port Lincoln,AU,-34.7333,135.8667,57.88,77,44,16.11,scattered clouds
92,Thompson,CA,55.7435,-97.8558,22.33,85,100,7.29,overcast clouds
93,Hermanus,ZA,-34.4187,19.2345,72.81,76,2,12.08,clear sky
94,Tasiilaq,GL,65.6145,-37.6368,30.36,80,100,7.38,overcast clouds
95,Xinxiang,CN,35.3089,113.8672,68.49,28,0,7.72,clear sky
96,Havelock,US,34.8791,-76.9013,83.95,76,99,7.0,overcast clouds
97,Plettenberg Bay,ZA,-34.0527,23.3716,66.67,83,89,2.39,overcast clouds
98,Skibbereen,IE,51.55,-9.2667,60.12,68,78,7.7,broken clouds
99,Bonthe,SL,7.5264,-12.505,88.07,60,100,8.32,light rain
100,Saint-Philippe,RE,-21.3585,55.7679,76.59,82,66,11.92,broken clouds
101,Ulladulla,AU,-35.35,150.4667,57.74,74,0,6.93,clear sky
102,San Patricio,US,28.017,-97.5169,82.29,68,11,15.86,few clouds
103,Buala,SB,-8.145,159.5921,79.99,76,36,4.65,scattered clouds
104,Wyndham,US,37.6985,-77.6125,72.21,59,77,4.34,broken clouds
105,Rudsar,IR,37.1376,50.288,60.69,83,100,2.93,overcast clouds
106,Torbay,CA,47.6666,-52.7314,47.28,76,83,8.01,broken clouds
107,Avera,US,33.194,-82.5271,81.55,60,99,7.63,overcast clouds
108,Kargopol,RU,61.5071,38.9456,40.93,65,53,12.95,broken clouds
109,Atar,MR,20.5169,-13.0499,102.04,8,0,15.26,clear sky
110,Lebu,CL,-37.6167,-73.65,55.98,69,7,14.76,clear sky
111,Banda Aceh,ID,5.5577,95.3222,77.4,95,100,13.4,moderate rain
112,Abu Samrah,SY,35.3029,37.1841,86.13,20,21,9.33,few clouds
113,Dikson,RU,73.5069,80.5464,16.25,95,99,2.13,overcast clouds
114,Nanortalik,GL,60.1432,-45.2371,35.38,85,100,4.56,overcast clouds
115,Victoria,HK,22.2855,114.1577,74.32,68,37,8.99,scattered clouds
116,Manokwari,ID,-0.8667,134.0833,79.07,85,93,5.77,overcast clouds
117,Udachnyy,RU,66.4167,112.4,22.93,90,100,11.97,overcast clouds
118,Anton Lizardo,MX,19.05,-95.9833,85.21,69,78,5.75,broken clouds
119,Adrar,MR,20.5022,-10.0711,100.31,9,58,14.52,broken clouds
120,La Palma,US,33.8464,-118.0467,64.33,80,75,1.01,broken clouds
121,Chokurdakh,RU,70.6333,147.9167,26.55,95,100,6.15,overcast clouds
122,Airai,TL,-8.9266,125.4092,59.47,82,11,2.84,few clouds
123,Ede,NL,52.0333,5.6583,58.98,77,100,9.22,overcast clouds
124,Coria,ES,39.9879,-6.5377,70.45,50,81,4.7,broken clouds
125,Mpika,ZM,-11.8343,31.4529,62.55,79,33,7.2,scattered clouds
126,Sisophon,KH,13.5859,102.9737,70.7,80,99,8.84,overcast clouds
127,Gobabis,NA,-22.45,18.9667,74.93,21,0,12.3,clear sky
128,Sanmenxia,CN,34.7747,111.1814,65.93,32,0,5.01,clear sky
129,Vanavara,RU,60.34,102.2797,31.62,95,100,12.71,light snow
130,Tahta,EG,26.7693,31.5021,96.64,11,42,15.43,scattered clouds
131,Pyay,MM,18.8167,95.2167,79.47,68,42,6.13,scattered clouds
132,San Cristobal,VE,7.7669,-72.225,83.08,41,40,10.2,scattered clouds
133,Baykit,RU,61.67,96.37,31.93,87,100,10.8,overcast clouds
134,Kasangulu,CD,-4.5911,15.1708,79.86,83,99,4.61,moderate rain
135,Taoudenni,ML,22.6783,-3.9836,100.72,8,16,10.18,few clouds
136,Kasaragod,IN,12.5,75.0,78.84,79,100,9.26,overcast clouds
137,Meulaboh,ID,4.1363,96.1285,75.52,94,100,7.4,moderate rain
138,Saint George,US,37.1041,-113.5841,61.39,27,0,4.61,clear sky
139,Kranuan,TH,16.7067,103.0788,73.15,48,100,5.19,overcast clouds
140,Rewari,IN,28.1833,76.6167,95.92,10,8,12.03,clear sky
141,Panjab,AF,34.388,67.0233,47.05,75,90,6.85,light rain
142,Lagoa,PT,39.05,-27.9833,61.68,85,100,11.07,overcast clouds
143,Seoul,KR,37.5683,126.9778,53.04,33,0,3.6,clear sky
144,Bredasdorp,ZA,-34.5322,20.0403,69.08,70,7,9.13,clear sky
145,Morshansk,RU,53.4435,41.8107,56.32,64,84,15.88,broken clouds
146,Dillon,US,34.4166,-79.3712,83.14,57,69,10.45,broken clouds
147,Kutum,SD,14.2,24.6667,97.9,10,11,9.31,few clouds
148,Chumphon,TH,10.3333,98.8333,73.15,93,100,2.93,overcast clouds
149,Dingle,PH,10.9995,122.6711,78.13,81,100,6.55,overcast clouds
150,Along,IN,28.1667,94.7667,66.06,95,100,2.68,light rain
151,Baijiantan,CN,45.6333,85.1833,76.1,39,93,12.88,overcast clouds
152,Sorland,NO,67.667,12.6934,37.26,60,100,17.25,light rain
153,Saint-Louis,SN,16.3333,-15.0,103.48,10,46,10.4,scattered clouds
154,Takoradi,GH,4.8845,-1.7554,85.66,67,52,9.06,broken clouds
155,Tilichiki,RU,60.4667,166.1,14.92,95,48,6.82,scattered clouds
156,Sitka,US,57.0531,-135.33,44.49,65,100,17.27,light rain
157,Nuuk,GL,64.1835,-51.7216,29.01,100,100,26.46,heavy snow
158,Palmas Bellas,PA,9.2319,-80.0867,83.25,77,95,5.64,overcast clouds
159,Novoagansk,RU,61.9449,76.6625,25.3,92,10,6.87,clear sky
160,Tuatapere,NZ,-46.1333,167.6833,50.95,88,74,4.41,broken clouds
161,Souillac,MU,-20.5167,57.5167,77.38,83,75,4.61,broken clouds
162,Ribeira Grande,PT,38.5167,-28.7,66.6,77,75,9.22,broken clouds
163,Askiz,RU,53.1319,90.5264,50.47,52,35,10.09,scattered clouds
164,Paracuru,BR,-3.41,-39.0306,88.11,81,81,13.38,broken clouds
165,Sao Joao Da Barra,BR,-21.6403,-41.0511,78.87,70,51,9.19,broken clouds
166,Ponta Do Sol,PT,32.6667,-17.1,72.12,63,3,2.98,clear sky
167,Okhotsk,RU,59.3833,143.3,27.64,91,82,3.38,broken clouds
168,Cabedelo,BR,-6.9811,-34.8339,82.56,80,52,15.03,broken clouds
169,Faanui,PF,-16.4833,-151.75,81.07,75,75,11.34,broken clouds
170,Borgarnes,IS,64.5383,-21.9206,37.81,99,100,8.39,overcast clouds
171,Filingue,NE,14.3521,3.3168,106.45,7,82,4.16,broken clouds
172,Arman,RU,59.7,150.1667,31.28,89,78,4.05,broken clouds
173,Coquimbo,CL,-29.9533,-71.3436,62.96,69,0,3.27,clear sky
174,Providencia,MX,28.7167,-111.5833,75.2,52,100,11.07,overcast clouds
175,Margate,GB,51.3813,1.3862,55.69,76,63,1.01,broken clouds
176,Tubuala,PA,9.5167,-79.0333,83.71,74,96,2.17,overcast clouds
177,Thio,NC,-21.6167,166.2167,73.36,88,18,4.32,few clouds
178,Mulatupo,PA,8.9492,-77.7652,84.81,75,53,1.01,broken clouds
179,Wairoa,NZ,-39.0333,177.3667,48.54,99,58,1.99,broken clouds
180,Civitavecchia,IT,42.0933,11.7967,70.45,65,100,9.31,overcast clouds
181,Kavaratti,IN,10.5669,72.642,85.62,69,100,15.41,overcast clouds
182,Port-Gentil,GA,-0.7193,8.7815,87.76,74,40,10.36,scattered clouds
183,Barra Do Garcas,BR,-15.89,-52.2567,88.27,42,15,4.47,few clouds
184,Lodja,CD,-3.4833,23.4333,81.01,67,94,0.74,overcast clouds
185,Chuy,UY,-33.6971,-53.4616,64.04,59,25,12.33,scattered clouds
186,Orcopampa,PE,-15.2661,-72.3417,56.05,28,61,2.24,broken clouds
187,El Estor,GT,15.5333,-89.35,83.8,70,37,2.84,scattered clouds
188,Longyearbyen,SJ,78.2186,15.6401,15.64,62,75,4.61,broken clouds
189,Lujan,AR,-34.5703,-59.105,61.02,58,0,4.0,clear sky
190,Egvekinot,RU,66.3167,-179.1667,8.06,83,13,10.07,few clouds
191,Kostomuksha,RU,64.571,30.5767,33.03,81,100,14.29,light snow
192,Severo-Yeniseyskiy,RU,60.3725,93.0408,26.1,90,55,7.36,broken clouds
193,Jumla,NP,29.2747,82.1838,56.57,85,100,2.89,moderate rain
194,Puerto Ayora,EC,-0.7393,-90.3518,73.45,83,93,7.31,overcast clouds
195,Champerico,GT,14.3,-91.9167,88.34,71,33,6.62,scattered clouds
196,Hobyo,SO,5.3505,48.5268,82.65,76,95,21.81,overcast clouds
197,Tuktoyaktuk,CA,69.4541,-133.0374,23.0,93,75,11.5,broken clouds
198,Mayo,US,38.8876,-76.5119,62.56,90,100,5.75,mist
199,Matagami,CA,49.7502,-77.6328,48.31,93,100,5.75,light rain
200,Pisco,PE,-13.7,-76.2167,66.02,85,13,5.21,few clouds
201,Ipixuna,BR,-1.7625,-48.8043,87.94,63,55,0.87,broken clouds
202,Sinnamary,GF,5.3833,-52.95,74.95,93,100,5.37,overcast clouds
203,Sonoita,MX,31.85,-112.8333,72.14,29,91,14.03,overcast clouds
204,Ilhabela,BR,-23.7781,-45.3581,82.08,67,9,4.63,clear sky
205,Warrnambool,AU,-38.3833,142.4833,55.81,90,100,12.53,overcast clouds
206,Esperance,AU,-33.8667,121.9,58.03,64,99,15.12,overcast clouds
207,Ranong,TH,9.9658,98.6348,77.74,94,100,4.45,overcast clouds
208,Waddan,LY,29.1614,16.139,80.58,18,0,5.06,clear sky
209,Dali,CN,25.7,100.1833,47.43,89,100,2.89,overcast clouds
210,Pangnirtung,CA,66.1451,-65.7125,18.3,85,55,4.25,broken clouds
211,Palu,ID,-0.8917,119.8707,77.07,97,79,1.97,broken clouds
212,Gweru,ZW,-19.45,29.8167,59.41,69,100,8.66,overcast clouds
213,Antigonish,CA,45.6169,-61.9986,48.15,65,94,8.01,overcast clouds
214,Bulolo,PG,-7.2,146.65,71.08,98,95,0.72,overcast clouds
215,Comodoro Rivadavia,AR,-45.8667,-67.5,62.46,48,0,18.41,clear sky
216,Marfino,RU,55.7028,37.3822,64.31,33,0,20.13,clear sky
217,Umm Lajj,SA,25.0213,37.2685,87.89,45,0,8.75,clear sky
218,Port Blair,IN,11.6667,92.75,83.1,77,91,5.06,overcast clouds
219,Vestmanna,FO,62.1564,-7.1664,41.92,93,100,17.27,light rain
220,Linxia,CN,35.6003,103.2064,55.62,28,0,5.77,clear sky
221,Chapada Dos Guimaraes,BR,-15.4606,-55.7497,76.66,48,75,3.27,broken clouds
222,Ustye,RU,59.6304,39.736,46.45,62,100,11.61,overcast clouds
223,Grindavik,IS,63.8424,-22.4338,43.27,100,100,18.41,mist
224,Mutoko,ZW,-17.397,32.2268,67.21,48,88,8.41,overcast clouds
225,Hasaki,JP,35.7333,140.8333,50.4,60,3,12.28,clear sky
226,Garsten,AT,47.9987,14.4035,73.38,56,15,3.51,few clouds
227,Chinsali,ZM,-10.5414,32.0816,66.04,77,69,7.34,broken clouds
228,Najran,SA,17.4924,44.1277,89.83,10,0,17.34,clear sky
229,Sortland,NO,68.6949,15.4162,35.56,68,100,10.76,snow
230,Bethel,US,41.3712,-73.414,56.89,78,100,6.91,overcast clouds
231,Bolobo,CD,-2.1667,16.2333,85.89,58,100,5.03,overcast clouds
232,Mlimba,TZ,-8.8,35.8167,74.95,79,100,1.14,overcast clouds
233,Pontes E Lacerda,BR,-15.2261,-59.3353,68.11,98,99,5.73,light rain
234,Pevek,RU,69.7008,170.3133,17.73,92,100,3.74,overcast clouds
235,Inhambane,MZ,-23.865,35.3833,72.01,84,44,7.99,light rain
236,Hebron,PS,31.5333,35.1,71.94,24,18,19.66,few clouds
237,Svetlaya,RU,46.5389,138.3297,39.38,99,100,3.15,light rain
238,Elko,US,41.0002,-115.5012,33.82,71,99,17.0,overcast clouds
239,Hailey,US,43.5196,-114.3153,34.9,80,100,3.0,light snow
240,Chuguyevka,RU,44.1653,133.8633,43.47,78,94,4.76,overcast clouds
241,Naze,JP,28.3667,129.4833,65.32,62,100,6.53,overcast clouds
242,Darnah,LY,32.767,22.6367,64.42,73,0,19.44,clear sky
243,Veraval,IN,20.9,70.3667,82.9,86,0,8.28,clear sky
244,Hervey Bay,AU,-25.2986,152.8535,66.02,92,1,8.01,clear sky
245,Yarada,IN,17.65,83.2667,86.32,79,75,5.75,light rain
246,Te Anau,NZ,-45.4167,167.7167,46.72,87,15,0.98,few clouds
247,Chupa,RU,66.27,33.0549,33.17,75,100,14.25,overcast clouds
248,Ilulissat,GL,69.2167,-51.1,28.42,69,75,10.36,broken clouds
249,Dunedin,NZ,-45.8742,170.5036,53.8,74,22,1.99,few clouds
250,Mehamn,NO,71.0357,27.8492,28.31,59,96,19.28,overcast clouds
251,Hambantota,LK,6.1241,81.1185,82.74,94,75,5.75,broken clouds
252,Olafsvik,IS,64.8945,-23.7142,36.03,92,100,28.1,overcast clouds
253,Port Macquarie,AU,-31.4333,152.9167,57.88,100,16,0.0,few clouds
254,Ouesso,CG,1.6136,16.0517,94.06,37,90,4.81,overcast clouds
255,Shima,CN,24.4478,117.8111,63.61,58,19,3.78,few clouds
256,Chiredzi,ZW,-21.05,31.6667,72.36,60,88,6.53,overcast clouds
257,Lavrentiya,RU,65.5833,-171.0,7.02,88,76,8.3,broken clouds
258,Mahuva,IN,21.0914,71.7622,86.94,62,0,18.54,clear sky
259,Pochutla,MX,15.7432,-96.4661,85.82,47,77,4.9,broken clouds
260,Bela,IN,25.9333,81.9833,97.88,24,0,8.41,clear sky
261,Paita,PE,-5.0892,-81.1144,71.44,72,5,8.79,clear sky
262,Batagay-Alyta,RU,67.8006,130.4114,10.35,97,99,3.6,overcast clouds
263,Narsaq,GL,60.9167,-46.05,41.22,73,99,4.47,overcast clouds
264,Geraldton,AU,-28.7667,114.6,59.41,82,0,14.97,clear sky
265,Cuenca,EC,-2.8833,-78.9833,58.6,84,100,3.8,overcast clouds
266,Copiapo,CL,-27.3667,-70.3333,53.29,22,0,3.94,clear sky
267,Kodiak,US,57.79,-152.4072,40.51,87,100,4.61,light rain
268,Long Beach,US,33.767,-118.1892,64.4,82,100,1.01,overcast clouds
269,Joshimath,IN,30.5667,79.5667,62.51,89,94,2.62,overcast clouds
270,Saint-Felicien,CA,48.6501,-72.4491,51.3,80,96,7.87,overcast clouds
271,Nouadhibou,MR,20.931,-17.0347,67.46,73,0,24.9,clear sky
272,Halifax,CA,44.6453,-63.5724,55.69,66,54,8.01,broken clouds
273,Honningsvag,NO,70.9821,25.9704,29.95,51,20,11.5,few clouds
274,Cabo San Lucas,MX,22.8909,-109.9124,77.05,55,98,1.01,overcast clouds
275,Aklavik,CA,68.2191,-135.0107,32.54,93,100,4.05,overcast clouds
276,North Bend,US,43.4065,-124.2243,48.92,94,100,4.61,overcast clouds
277,Rapid Valley,US,44.0625,-103.1463,48.15,67,0,17.27,clear sky
278,Sola,VU,-13.8833,167.55,81.23,74,75,7.09,broken clouds
279,Leningradskiy,RU,69.3833,178.4167,3.16,97,90,6.91,overcast clouds
280,Mareeba,AU,-17.0,145.4333,70.52,93,20,2.55,few clouds
281,Dum Duma,IN,27.5667,95.5667,68.5,88,100,2.73,overcast clouds
282,Lata,PT,40.1629,-8.3327,69.08,42,86,9.55,overcast clouds
283,Lensk,RU,60.7253,114.9278,31.08,98,100,5.35,snow
284,Saskylakh,RU,71.9167,114.0833,12.69,95,33,7.4,scattered clouds
285,Puerto Escondido,MX,15.85,-97.0667,86.83,74,20,0.0,few clouds
286,Kupang,ID,-10.1667,123.5833,80.44,76,17,11.27,few clouds
287,Kailua,US,21.4022,-157.7394,75.18,92,53,1.99,moderate rain
288,Luanda,AO,-8.8368,13.2343,83.21,68,4,6.44,clear sky
289,Olinda,BR,-8.0089,-34.8553,83.93,84,75,14.97,broken clouds
290,Bayanday,RU,53.0661,105.5139,41.61,66,29,2.53,scattered clouds
291,Shache,CN,38.4167,77.2406,75.27,13,26,3.22,scattered clouds
292,Chanika,TZ,-5.4167,38.0167,72.05,74,61,6.35,broken clouds
293,Ahuimanu,US,21.4447,-157.8378,74.91,89,75,6.91,moderate rain
294,Pangai,TO,-19.8,-174.35,78.19,71,100,16.67,overcast clouds
295,Requena,ES,39.4883,-1.1004,53.87,79,83,10.67,broken clouds
296,Virginia Beach,US,36.8529,-75.978,81.05,76,59,7.23,broken clouds
297,Saint-Georges,GD,12.0564,-61.7485,81.23,76,38,14.67,scattered clouds
298,Gamba,GA,-2.65,10.0,83.82,73,100,7.96,light rain
299,San Carlos De Bariloche,AR,-41.1456,-71.3082,55.15,62,20,21.85,few clouds
300,Sovetskiy,RU,61.3614,63.5842,41.34,72,93,8.5,overcast clouds
301,Lac Du Bonnet,CA,50.2536,-96.0612,40.89,61,45,3.51,scattered clouds
302,Wana,PK,32.2989,69.5725,76.03,25,0,10.33,clear sky
303,Sao Miguel Do Tapuio,BR,-5.5036,-41.3233,93.13,41,93,9.48,overcast clouds
304,Mount Isa,AU,-20.7333,139.5,73.17,60,0,10.36,clear sky
305,Batagay,RU,67.6333,134.6333,18.7,97,100,1.54,overcast clouds
306,Ekibastuz,KZ,51.6667,75.3667,48.81,30,100,8.12,overcast clouds
307,Hamilton,US,39.1834,-84.5333,65.75,96,75,16.11,broken clouds
308,Luena,AO,-11.7833,19.9167,75.6,45,98,5.1,overcast clouds
309,Prieska,ZA,-29.6641,22.7474,76.78,26,76,6.35,broken clouds
310,Muros,ES,42.7762,-9.0603,69.67,49,21,17.09,few clouds
311,Kuybysheve,UA,47.358,36.6491,56.55,50,83,10.42,broken clouds
312,Kurilsk,RU,45.2333,147.8833,35.74,96,100,14.23,overcast clouds
313,Imperia,IT,43.9667,7.7833,62.94,63,100,2.35,overcast clouds
314,Port Hueneme,US,34.1478,-119.1951,64.74,83,100,4.61,haze
315,Kahului,US,20.8947,-156.47,73.85,80,0,13.8,clear sky
316,Broken Hill,AU,-31.95,141.4333,59.54,41,0,8.34,clear sky
317,Palafrugell,ES,41.9174,3.1631,69.44,46,81,1.99,broken clouds
318,Kirakira,SB,-10.4544,161.9205,79.84,80,62,2.3,broken clouds
319,Korla,CN,41.7597,86.1469,75.51,15,1,1.72,clear sky
320,Mount Gambier,AU,-37.8333,140.7667,54.21,87,100,5.7,light rain
321,Skjervoy,NO,70.0311,20.9714,33.8,62,100,26.93,light snow
322,Ola,RU,59.5833,151.2833,32.18,92,100,3.96,overcast clouds
323,Rio Gallegos,AR,-51.6226,-69.2181,45.68,60,2,34.65,clear sky
324,Alice Springs,AU,-23.7,133.8833,67.55,45,100,4.61,overcast clouds
325,Oranjestad,AW,12.524,-70.027,85.95,66,20,26.46,few clouds
326,Basco,PH,20.4487,121.9702,78.22,85,99,12.62,overcast clouds
327,Phichit,TH,16.25,100.4167,77.22,52,83,6.31,broken clouds
328,Springfield,US,37.2153,-93.2982,50.23,94,100,12.66,overcast clouds
329,San Juan De Colon,VE,8.0313,-72.2605,85.59,41,44,2.21,scattered clouds
330,Kamina,CD,-8.7386,24.9906,74.75,66,43,4.79,scattered clouds
331,Ust-Tsilma,RU,65.441,52.1498,37.35,98,100,8.08,overcast clouds
332,Ucluelet,CA,48.9329,-125.5528,48.09,82,100,1.99,overcast clouds
333,Ulaangom,MN,49.9811,92.0667,59.67,42,100,13.53,overcast clouds
334,Grand Gaube,MU,-20.0064,57.6608,77.4,77,12,5.01,few clouds
335,Evensk,RU,61.95,159.2333,29.68,95,100,3.49,overcast clouds
336,Katsuura,JP,35.1333,140.3,58.51,69,6,11.1,clear sky
337,Mujiayingzi,CN,42.1167,118.7833,65.12,22,20,10.2,few clouds
338,Mahanoro,MG,-19.9,48.8,73.47,84,18,8.66,light rain
339,Alihe,CN,50.5667,123.7167,41.95,29,99,5.77,overcast clouds
340,Podgornoye,RU,51.735,39.1496,64.62,27,0,8.95,clear sky
341,Vila Franca Do Campo,PT,37.7167,-25.4333,64.81,76,100,3.06,overcast clouds
342,Iki-Burul,RU,45.8208,44.6472,52.38,67,98,4.45,overcast clouds
343,Funadhoo,MV,6.15,73.2667,86.05,69,68,12.59,broken clouds
344,Kruisfontein,ZA,-34.0033,24.7314,71.89,74,100,8.39,overcast clouds
345,Iquique,CL,-20.2208,-70.1431,64.44,66,0,7.25,clear sky
346,Oshnaviyeh,IR,37.0397,45.0983,54.39,78,92,8.5,overcast clouds
347,Zelenogorskiy,RU,55.0333,87.0,39.27,51,17,6.2,few clouds
348,Warri,NG,5.5167,5.75,93.11,47,47,6.53,scattered clouds
349,Ulaanbaatar,MN,47.9077,106.8832,48.33,21,0,6.71,clear sky
350,Graaff-Reinet,ZA,-32.2522,24.5308,74.91,33,95,3.31,overcast clouds
351,Darhan,MN,49.4867,105.9228,55.92,63,97,20.09,overcast clouds
352,Tuy Hoa,VN,13.0833,109.3,77.7,79,94,14.23,overcast clouds
353,Saint-Francois,FR,46.4154,3.9054,67.44,45,75,8.05,broken clouds
354,Pryazha,RU,61.6926,33.6216,36.63,67,97,13.0,overcast clouds
355,Ovalle,CL,-30.5983,-71.2003,73.8,32,0,2.62,clear sky
356,Surat Thani,TH,9.1667,99.25,78.78,94,75,0.0,moderate rain
357,Rio Grande,BR,-32.035,-52.0986,62.71,81,100,14.03,light rain
358,Vizinga,RU,61.0749,50.1031,45.7,82,100,13.0,overcast clouds
359,Turgutlu,TR,38.4953,27.6997,65.59,64,85,5.21,overcast clouds
360,Dhidhdhoo,MV,6.8833,73.1,85.73,69,23,14.45,few clouds
361,Saldanha,ZA,-33.0117,17.9442,62.73,86,36,13.67,scattered clouds
362,Luderitz,NA,-26.6481,15.1594,73.87,49,2,12.19,clear sky
363,Ancud,CL,-41.8697,-73.8203,52.79,95,100,9.84,overcast clouds
364,Carmen,MX,18.6333,-91.8333,84.24,70,40,18.41,scattered clouds
365,Pimentel,PE,-6.8367,-79.9342,71.89,68,0,9.22,clear sky
366,Kualakapuas,ID,-3.0091,114.3876,76.42,95,67,3.2,broken clouds
367,Jacareacanga,BR,-6.2222,-57.7528,87.58,62,85,1.45,overcast clouds
368,Bambous Virieux,MU,-20.3428,57.7575,77.25,83,75,4.61,broken clouds
369,Voh,NC,-20.9667,164.7,72.03,92,58,2.68,broken clouds
370,Vidalia,US,32.2177,-82.4135,82.51,54,0,5.75,clear sky
371,Melfi,IT,40.9965,15.6514,59.49,66,94,4.32,overcast clouds
372,Namibe,AO,-15.1961,12.1522,80.98,64,5,12.66,clear sky
373,Ekhabi,RU,53.5102,142.9671,30.69,93,100,7.43,overcast clouds
374,Shelburne,CA,44.0787,-80.2041,56.23,73,100,9.26,overcast clouds
375,Bellevue,US,47.6104,-122.2007,49.82,88,100,6.91,mist
376,Yumen,CN,40.2833,97.2,67.37,8,0,10.94,clear sky
377,Pacific Grove,US,36.6177,-121.9166,54.37,79,0,5.99,clear sky
378,Galle,LK,6.0367,80.217,82.54,83,40,7.25,scattered clouds
379,Hofn,IS,64.2539,-15.2082,43.41,91,100,4.47,overcast clouds
380,Shaoxing,CN,30.011,120.5715,66.15,61,92,4.38,overcast clouds
381,Porto Murtinho,BR,-21.6989,-57.8825,61.14,96,100,8.66,overcast clouds
382,Rafaela,AR,-31.2503,-61.4867,59.99,43,0,1.99,clear sky
383,Buta,CD,2.7858,24.73,71.26,91,97,5.01,moderate rain
384,Gambissara,SN,13.2382,-14.3108,103.19,12,11,6.69,few clouds
385,Axim,GH,4.8699,-2.2405,85.86,67,94,9.33,overcast clouds
386,Mwinilunga,ZM,-11.7358,24.4293,70.77,64,89,4.38,overcast clouds
387,Oum Hadjer,TD,13.2954,19.6966,99.27,24,65,16.24,broken clouds
388,Fort-Shevchenko,KZ,44.5086,50.263,57.09,56,3,10.94,clear sky
389,Portland,US,45.5234,-122.6762,50.63,89,100,3.44,overcast clouds
390,Zhigansk,RU,66.7697,123.3711,8.98,92,5,2.51,clear sky
391,Erie,US,42.7667,-78.6664,62.67,60,100,1.99,overcast clouds
392,Belaya Gora,RU,68.5333,146.4167,30.11,99,100,4.54,overcast clouds
393,Ixtapa,MX,20.7,-105.2,76.23,73,75,2.3,broken clouds
394,Silver City,US,32.7701,-108.2803,67.96,29,0,11.01,clear sky
395,Dalbandin,PK,28.8947,64.4101,89.04,14,11,12.97,few clouds
396,Naryan-Mar,RU,67.6713,53.087,32.65,100,100,7.92,snow
397,Tavda,RU,58.0425,65.2726,44.13,50,54,4.45,broken clouds
398,Prince Rupert,CA,54.3161,-130.3201,40.19,91,100,13.96,moderate rain
399,Natalio,PY,-26.7167,-55.0833,55.87,99,100,5.39,overcast clouds
400,Kitimat,CA,54.0524,-128.6534,43.92,40,100,4.56,light rain
401,Alyangula,AU,-13.8483,136.4192,80.33,76,4,9.91,clear sky
402,Uchiza,PE,-8.4592,-76.4633,78.35,76,91,0.87,overcast clouds
403,Cervo,ES,43.6702,-7.4101,58.03,78,15,13.18,few clouds
404,Nyurba,RU,63.2842,118.3319,30.18,82,100,10.54,overcast clouds
405,Nambucca Heads,AU,-30.65,153.0,59.0,91,12,4.29,few clouds
406,Tuburan,PH,6.6439,122.2736,78.89,76,100,4.65,moderate rain
407,Astoria,US,46.1879,-123.8313,48.7,92,82,1.01,broken clouds
408,Bridgend,GB,51.5058,-3.5772,62.22,77,100,5.99,overcast clouds
409,Vetluzhskiy,RU,58.3902,45.4654,52.16,61,100,13.15,overcast clouds
410,Gimli,CA,50.6336,-96.9907,35.76,73,100,4.36,overcast clouds
411,Samarkand,UZ,39.6542,66.9597,67.42,68,40,4.61,scattered clouds
412,Parintins,BR,-2.6283,-56.7358,88.93,61,49,1.41,scattered clouds
413,Palmer,US,42.1584,-72.3287,52.65,77,100,3.44,overcast clouds
414,Bluefields,NI,12.0137,-83.7635,84.47,71,56,7.02,broken clouds
415,Shasta Lake,US,40.6804,-122.3708,54.82,44,0,7.09,clear sky
416,Wonthaggi,AU,-38.6044,145.5913,60.82,61,0,15.39,clear sky
417,Tarragona,ES,41.129,1.249,66.38,62,20,14.97,few clouds
418,Berlin,DE,52.5244,13.4105,65.08,48,0,8.05,clear sky
419,Saint-Hyacinthe,CA,45.6168,-72.9491,61.83,72,100,7.16,overcast clouds
420,Broome,US,42.2506,-75.833,64.47,62,40,8.05,scattered clouds
421,Mezen,RU,65.8522,44.24,34.9,99,100,2.53,light snow
422,Kilrush,IE,52.6397,-9.4833,62.35,73,85,9.06,overcast clouds
423,Faya,SA,18.3851,42.4509,70.32,59,59,9.08,light rain
424,Puerto Colombia,CO,10.9878,-74.9547,87.89,72,95,10.85,overcast clouds
425,Rawson,AR,-43.3002,-65.1023,66.99,36,0,25.68,clear sky
426,Thinadhoo,MV,0.5333,72.9333,82.24,79,100,14.88,moderate rain
427,Devonport,AU,-41.1667,146.35,62.1,81,29,19.04,scattered clouds
428,Yulara,AU,-25.2406,130.9889,62.44,67,40,0.0,scattered clouds
429,Bull Savanna,JM,17.8868,-77.5902,82.13,61,0,19.57,clear sky
430,Igarka,RU,67.4667,86.5833,19.53,93,98,6.4,overcast clouds
431,Griffith,US,41.5284,-87.4237,54.27,95,100,11.5,moderate rain
432,Visnes,NO,59.3556,5.2242,49.82,53,20,14.97,few clouds
433,Ust-Nera,RU,64.5667,143.2,19.58,93,57,3.36,broken clouds
434,Harlow,GB,51.7766,0.1116,61.54,72,100,2.3,overcast clouds
435,Sanming,CN,26.2486,117.6186,60.49,73,35,3.85,scattered clouds
436,Inyonga,TZ,-6.7167,32.0667,71.17,78,99,5.75,overcast clouds
437,Touros,BR,-5.1989,-35.4608,86.92,66,96,16.17,overcast clouds
438,Heze,CN,35.2431,115.4411,70.5,32,0,12.95,clear sky
439,Aloleng,PH,16.1307,119.7824,80.85,81,97,3.91,overcast clouds
440,Vestmannaeyjar,IS,63.4427,-20.2734,46.62,96,100,8.5,overcast clouds
441,Anadyr,RU,64.75,177.4833,12.7,85,69,4.47,fog
442,Henties Bay,NA,-22.116,14.2845,74.05,53,3,9.73,clear sky
443,Clyde River,CA,70.4692,-68.5914,15.46,77,20,12.17,few clouds
444,Soyo,AO,-6.1349,12.3689,80.74,82,40,12.91,light rain
445,Osa,RU,57.2829,55.4567,51.96,52,75,9.95,broken clouds
446,Conde,BR,-7.2597,-34.9075,83.66,84,75,16.11,light rain
447,Benguela,AO,-12.5763,13.4055,82.31,70,5,7.23,clear sky
448,Aitape,PG,-3.1374,142.3475,79.77,86,99,2.71,overcast clouds
449,Raga,SS,8.4596,25.678,97.38,27,96,7.54,overcast clouds
450,Ous,RU,60.9058,61.5186,44.58,60,77,9.35,broken clouds
451,Bandarbeyla,SO,9.4942,50.8122,84.92,78,31,11.07,scattered clouds
452,Berlevag,NO,70.8578,29.0864,28.4,64,75,26.46,broken clouds
453,Tucurui,BR,-3.7661,-49.6725,86.43,69,65,1.41,broken clouds
454,Trebukhiv,UA,50.4843,30.903,60.93,63,70,9.73,broken clouds
455,Caucaia,BR,-3.7361,-38.6531,89.55,61,40,13.8,scattered clouds
456,Kafanchan,NG,9.5833,8.3,87.69,44,79,6.46,light rain
457,Kysyl-Syr,RU,63.8986,122.7617,21.47,94,96,6.51,overcast clouds
458,Hovsan,AZ,40.3744,50.0853,59.13,55,0,16.11,clear sky
459,Vila Velha,BR,-20.3297,-40.2925,91.35,61,40,12.66,scattered clouds
460,Whitehorse,CA,60.7161,-135.0538,36.01,66,100,18.01,overcast clouds
461,Tezu,IN,27.9167,96.1667,70.3,74,100,4.47,overcast clouds
462,Bathsheba,BB,13.2167,-59.5167,86.61,70,20,23.02,few clouds
463,College,US,64.8569,-147.8028,36.59,70,75,6.91,broken clouds
464,Padang,ID,-0.9492,100.3543,78.15,91,100,4.92,moderate rain
465,Tual,ID,-5.6667,132.75,84.87,74,67,6.6,broken clouds
466,Kargat,RU,55.1956,80.2811,41.86,35,4,5.59,clear sky
467,Lonar,IN,19.9833,76.5333,98.42,16,90,11.86,overcast clouds
468,Chara,RU,56.9064,118.2631,27.72,81,93,2.66,overcast clouds
469,Atbasar,KZ,51.8,68.3333,52.05,25,60,8.21,broken clouds
470,Alekseyevsk,RU,57.8406,108.3492,35.6,86,71,12.19,broken clouds
471,Nacozari,MX,25.3366,-108.2574,74.41,46,33,5.68,scattered clouds
472,Canmore,CA,51.0834,-115.3521,44.82,82,57,3.02,broken clouds
473,Terra Santa,BR,-2.1042,-56.4869,86.38,69,64,0.92,broken clouds
474,Dabou,CI,5.3256,-4.3769,85.75,65,100,9.44,overcast clouds
475,Goksun,TR,38.021,36.4973,60.76,59,46,1.68,scattered clouds
476,Petatlan,MX,17.5167,-101.2667,76.8,34,95,4.79,overcast clouds
477,Bubaque,GW,11.2833,-15.8333,78.76,65,9,9.57,clear sky
478,Muisne,EC,0.6,-80.0333,78.85,86,97,8.7,light rain
479,Shalya,RU,57.2471,58.7298,47.77,50,68,8.34,broken clouds
480,Krasnyy Chikoy,RU,50.3643,108.7512,55.08,62,70,14.05,broken clouds
481,Lompoc,US,34.6391,-120.4579,56.93,84,100,8.99,mist
482,New Boston,US,42.9762,-71.694,51.06,89,100,1.99,overcast clouds
483,Lakes Entrance,AU,-37.8811,147.981,50.16,69,23,4.97,few clouds
484,Santa Isabel Do Rio Negro,BR,-0.4139,-65.0192,85.82,64,81,2.95,broken clouds
485,Komsomolskiy,UZ,40.4272,71.7189,77.72,33,100,4.61,overcast clouds
486,Yatou,CN,37.15,122.3833,55.49,84,0,15.1,clear sky
487,Saryg-Sep,RU,51.5,95.6,53.28,61,100,3.09,overcast clouds
488,Wanning,CN,18.8003,110.3967,68.97,87,89,10.38,overcast clouds
489,Krutinka,RU,56.0055,71.5113,42.62,58,41,6.55,scattered clouds
490,Lithgow,AU,-33.4833,150.15,45.3,90,0,3.04,clear sky
491,Cockburn Town,TC,21.4612,-71.1419,80.56,74,40,11.5,scattered clouds
492,Krasnoborsk,RU,61.5598,45.934,42.46,83,100,8.99,overcast clouds
493,Baghdad,IQ,33.3406,44.4009,91.31,15,0,5.75,clear sky
494,Cherdyn,RU,60.403,56.4787,43.16,78,98,8.95,overcast clouds
495,Talnakh,RU,69.4865,88.3972,16.21,95,100,2.53,light snow
496,Fairbanks,US,64.8378,-147.7164,36.61,71,0,6.91,clear sky
497,Kulhudhuffushi,MV,6.6221,73.07,85.78,69,49,14.2,scattered clouds
498,Fereydun Kenar,IR,36.6864,52.5225,62.69,76,100,5.53,overcast clouds
499,Hualmay,PE,-11.0964,-77.6139,69.01,75,70,7.63,broken clouds
500,Yerbogachen,RU,61.2767,108.0108,31.32,97,100,11.95,light snow
501,Itarema,BR,-2.9248,-39.9167,85.77,69,81,14.03,broken clouds
502,Kinshasa,CD,-4.3246,15.3215,84.16,69,97,2.64,light rain
503,Pokhara,NP,28.2333,83.9833,73.18,62,67,3.33,broken clouds
504,Kondinskoye,RU,59.6481,67.41,41.56,46,55,6.71,broken clouds
505,Srednekolymsk,RU,67.45,153.6833,30.47,99,100,5.77,overcast clouds
506,Flin Flon,CA,54.7682,-101.865,28.24,93,100,6.91,snow
507,Buchanan,LR,5.8808,-10.0467,84.25,69,59,8.46,broken clouds
508,Sur,OM,22.5667,59.5289,86.77,45,0,1.12,clear sky
509,Mwanza,TZ,-2.5167,32.9,73.62,77,61,5.88,light rain
510,Mnogovershinnyy,RU,53.9353,139.9242,27.01,96,100,3.8,overcast clouds
511,Mahibadhoo,MV,3.7833,72.9667,82.4,78,100,19.57,heavy intensity rain
512,Cascais,PT,38.6979,-9.4215,74.52,54,40,18.41,scattered clouds
513,Eichenzell,DE,50.4934,9.6961,67.1,63,71,8.3,broken clouds
514,Sahuaripa,MX,29.05,-109.2333,76.44,21,92,3.24,overcast clouds
515,Ouidah,BJ,6.3631,2.0851,85.73,67,29,11.03,scattered clouds
516,Great Bend,US,38.3645,-98.7648,45.03,79,100,12.66,overcast clouds
517,Makakilo City,US,21.3469,-158.0858,73.72,77,100,6.91,light rain
518,Nizhniy Kuranakh,RU,58.8353,125.4869,18.61,94,100,3.74,overcast clouds
519,Magnor,SE,59.9511,12.1996,51.53,26,98,3.2,overcast clouds
520,Moose Factory,CA,51.2585,-80.6094,37.38,87,100,14.97,overcast clouds
521,Muroto,JP,33.2833,134.15,61.02,65,0,7.14,clear sky
522,Miri,MY,4.4148,114.0089,79.99,83,87,5.41,overcast clouds
523,Anito,PH,12.4497,125.2886,77.94,88,100,6.33,overcast clouds
524,Isangel,VU,-19.55,169.2667,77.41,88,0,3.36,clear sky
525,Humboldt,US,40.6665,-123.9178,40.12,69,10,2.46,clear sky
526,Hami,CN,42.8,93.45,76.33,12,29,2.68,scattered clouds
527,Mildura,AU,-34.2,142.15,53.56,82,0,5.75,clear sky
528,La Rioja,ES,42.25,-2.5,51.58,84,99,5.03,overcast clouds
529,Saryagash,KZ,41.4511,69.1701,69.24,78,99,8.48,overcast clouds
530,Phangnga,TH,8.4509,98.5298,78.84,96,100,3.76,moderate rain
531,Merauke,ID,-8.4667,140.3333,78.37,84,91,12.64,overcast clouds
532,Oytal,KZ,42.9057,73.2697,62.51,93,100,3.09,heavy intensity rain
533,Lincoln,US,40.8,-96.667,45.28,85,100,13.8,overcast clouds
534,Haifa,IL,32.8156,34.9892,81.54,28,68,9.22,broken clouds
535,Laguna,US,38.421,-121.4238,60.15,41,0,20.71,clear sky
536,Goure,NE,13.9835,10.2704,109.02,7,94,1.48,overcast clouds
537,Kasongo-Lunda,CD,-6.4667,16.8167,76.5,82,95,1.43,light rain
538,Kita,ML,13.0349,-9.4895,97.2,30,38,6.06,scattered clouds
539,Alexandria,EG,31.2156,29.9553,68.31,79,1,17.92,clear sky
540,Vostok,RU,46.4856,135.8833,36.81,98,100,4.07,light rain
541,Skaerbaek,DK,55.1573,8.769,62.87,64,91,12.08,overcast clouds
542,Ewo,CG,-0.8725,14.8206,87.4,55,89,5.3,overcast clouds
543,Mtwango,TZ,-9.0167,34.8,59.34,84,94,8.37,overcast clouds
544,Padilla,CO,3.2204,-76.3139,80.17,68,51,2.75,broken clouds
545,Hovd,MN,48.0056,91.6419,60.31,50,100,12.46,light rain
546,Karlovac,HR,45.4872,15.5478,73.33,52,98,4.16,overcast clouds
547,Belmonte,BR,-15.8631,-38.8828,82.31,58,1,5.35,clear sky
548,Zirgan,RU,53.2222,55.9185,51.22,48,37,5.59,scattered clouds
549,Agadir,MA,30.4202,-9.5982,77.45,45,0,30.56,clear sky
550,Morondava,MG,-20.2833,44.2833,79.79,62,0,9.64,clear sky
551,Pitelino,RU,54.5777,41.8145,55.18,73,100,18.66,overcast clouds
552,Kibiti,TZ,-7.7218,38.9375,75.45,82,49,3.83,scattered clouds
553,Matadi,CD,-5.8167,13.45,87.33,69,58,4.16,light rain
554,Shedok,RU,44.2179,40.8487,54.41,77,96,6.64,overcast clouds
555,Vanimo,PG,-2.6741,141.3028,78.98,87,100,2.13,overcast clouds
556,Cap Malheureux,MU,-19.9842,57.6142,76.46,77,15,3.0,few clouds
557,Tashtyp,RU,52.7939,89.8983,47.79,63,63,6.89,broken clouds
558,Tomball,US,30.0972,-95.6161,81.82,78,75,5.75,broken clouds
559,Puerto Del Rosario,ES,28.5004,-13.8627,71.35,64,75,17.27,broken clouds
560,Mulchen,CL,-37.7167,-72.2333,57.06,48,31,8.63,scattered clouds
561,Scarborough,GB,54.2797,-0.4044,54.97,78,100,3.0,overcast clouds
562,Brokopondo,SR,4.75,-55.1667,74.64,95,100,1.34,overcast clouds
563,Battle Creek,US,42.3212,-85.1797,50.97,81,100,9.22,heavy intensity rain
564,Goderich,CA,43.7501,-81.7165,53.92,71,100,11.5,overcast clouds
565,Tondano,ID,1.3038,124.9112,71.69,95,100,1.01,overcast clouds
566,Iskateley,RU,67.6803,53.1512,32.5,100,100,7.9,snow
567,Namatanai,PG,-3.6667,152.4333,80.01,82,89,4.99,overcast clouds
568,Gisborne,NZ,-38.6533,178.0042,52.74,89,71,5.03,broken clouds
569,Utmanzai,PK,34.188,71.7629,84.81,27,33,1.48,scattered clouds
570,Winnemucca,US,40.973,-117.7357,35.65,75,100,9.22,overcast clouds
571,Yar-Sale,RU,66.8333,70.8333,32.76,98,100,15.79,snow
572,Linjiang,CN,41.8069,126.9078,46.81,78,60,4.03,broken clouds
573,Morococha,PE,-11.5997,-76.1411,42.31,71,71,5.14,broken clouds
574,Darab,IR,28.7519,54.5444,80.02,9,0,6.02,clear sky
575,Uray,RU,60.1247,64.7758,44.11,49,51,7.27,broken clouds
576,Kyshtovka,RU,56.555,76.6271,42.85,58,69,7.09,broken clouds
577,Husavik,IS,66.0449,-17.3389,34.77,97,100,15.86,snow
578,Iranshahr,IR,27.2025,60.6848,93.54,15,0,4.61,haze
579,Kurush,RU,41.2841,47.8345,35.8,92,95,4.99,overcast clouds
580,Taltal,CL,-25.4,-70.4833,68.04,59,6,7.99,clear sky
581,Abu Zabad,SD,12.35,29.25,96.01,28,96,13.56,overcast clouds
582,Lake Cowichan,CA,48.825,-124.0546,49.73,90,100,3.09,overcast clouds
583,Verkhnevilyuysk,RU,63.4453,120.3167,28.17,86,100,8.79,overcast clouds
584,Sarangani,PH,5.4033,125.4636,81.05,80,100,3.89,overcast clouds
585,Mathathane,BW,-22.2687,28.7495,75.67,33,0,8.97,clear sky
586,Placido De Castro,BR,-10.3353,-67.1856,86.29,61,100,4.21,overcast clouds
587,Marquette,US,46.5333,-87.6335,40.77,78,100,9.31,overcast clouds
588,Acarau,BR,-2.8856,-40.12,85.35,71,69,13.11,broken clouds
589,Constitucion,CL,-35.3333,-72.4167,61.23,45,1,7.38,clear sky
590,Okha,RU,53.5739,142.9478,30.87,93,100,7.34,overcast clouds
591,Breyten,ZA,-26.3018,29.987,60.67,43,3,2.95,clear sky
592,Paamiut,GL,61.994,-49.6678,33.39,72,100,5.14,overcast clouds
593,Anloga,GH,5.7947,0.8973,85.05,70,44,10.98,scattered clouds
594,Abha,SA,18.2164,42.5053,70.05,46,40,8.05,light rain
595,Yarkovo,RU,57.4028,67.0786,44.33,49,51,1.57,broken clouds
596,Fonte Boa,BR,-2.4959,-66.2662,79.03,83,90,3.98,overcast clouds
597,Asfi,MA,32.2994,-9.2372,64.18,67,4,17.92,clear sky
598,Ketchikan,US,55.3422,-131.6461,44.58,87,100,13.8,moderate rain
599,Madimba,TZ,-10.4,40.3333,78.24,80,20,10.87,few clouds
600,Riyadh,SA,24.6877,46.7219,95.14,9,2,9.44,clear sky
601,Aksu,CN,41.1231,80.2644,77.83,12,80,6.15,broken clouds
602,Smithers,CA,54.7804,-127.1743,41.02,85,98,4.45,overcast clouds
603,Old Town,CZ,50.087,14.4202,68.76,44,0,11.5,clear sky
604,Roald,NO,62.5833,6.1333,46.09,56,75,5.75,broken clouds
605,Kuala Terengganu,MY,5.3302,103.1408,80.55,89,20,2.3,few clouds
606,Beira,MZ,-19.8436,34.8389,77.09,73,40,8.05,scattered clouds
607,Sosnovo-Ozerskoye,RU,52.5249,111.5418,50.04,62,93,14.34,overcast clouds
608,Tutayev,RU,57.8853,39.5406,44.01,85,100,8.9,light rain
609,Hukuntsi,BW,-24.0,21.75,74.46,26,0,7.47,clear sky
610,Orlik,RU,52.5178,99.825,37.99,70,81,3.18,broken clouds
611,Bandarban,BD,22.1965,92.2262,76.71,88,99,3.74,overcast clouds
612,Romodanovo,RU,54.4275,45.3296,55.31,63,99,17.72,overcast clouds
613,Siuna,NI,13.7332,-84.7773,82.0,76,35,3.06,scattered clouds
614,Verkhnyaya Sysert,RU,56.4372,60.75,53.4,50,75,4.47,broken clouds
615,Talara,PE,-4.5772,-81.2719,77.76,61,0,16.11,clear sky
616,Camabatela,AO,-8.1881,15.375,74.28,59,81,6.29,broken clouds
617,Kuah,MY,6.3265,99.8432,82.38,89,20,2.3,very heavy rain
618,Bac Lieu,VN,9.285,105.7244,83.43,76,99,8.32,overcast clouds
619,Teya,RU,60.3778,92.6267,27.19,91,66,4.7,broken clouds
620,Tigre,AR,-34.426,-58.5796,60.28,54,0,6.91,clear sky
621,Ha Tinh,VN,18.3333,105.9,70.5,65,98,1.01,overcast clouds
622,Onguday,RU,50.75,86.15,48.09,74,100,3.53,overcast clouds
623,Sambhal,IN,28.5833,78.55,94.69,21,0,4.12,clear sky
624,Sao Jose Da Coroa Grande,BR,-8.8978,-35.1478,81.55,81,78,9.35,broken clouds
625,Walvis Bay,NA,-22.9575,14.5053,88.75,27,0,17.27,clear sky
626,Quatre Cocos,MU,-20.2078,57.7625,77.11,82,30,13.67,scattered clouds
627,Shimoda,JP,34.6667,138.95,57.4,69,0,3.96,clear sky
628,Kurchum,KZ,48.5722,83.6542,53.62,48,94,8.34,overcast clouds
629,Varna,BG,43.2167,27.9167,55.24,89,75,6.91,light intensity shower rain
630,Almaznyy,RU,48.0448,40.045,56.43,41,13,5.68,few clouds
631,Gushikawa,JP,26.3544,127.8686,70.83,76,0,5.75,clear sky
632,Katherine,AU,-14.4667,132.2667,80.92,47,0,8.05,clear sky
633,Bitung,ID,1.4451,125.1824,79.65,84,100,3.85,overcast clouds
634,Pauini,BR,-7.7136,-66.9764,84.47,65,100,3.47,overcast clouds
635,Santa Rosa,PH,14.3122,121.1114,84.18,72,98,7.85,overcast clouds
636,Teknaf,BD,20.8624,92.3058,80.98,84,4,1.57,clear sky
637,Popondetta,PG,-8.7537,148.2534,75.09,92,71,2.51,broken clouds
638,Ovsyanka,RU,55.9575,92.5519,40.23,90,41,4.81,scattered clouds
639,Ipameri,BR,-17.7219,-48.1597,86.02,29,26,6.87,scattered clouds
640,Pokosnoye,RU,55.5258,101.0536,39.38,60,3,6.49,clear sky
641,Kapustin Yar,RU,48.5831,45.7372,58.95,31,5,5.86,clear sky
642,Kibaya,TZ,-5.3,36.5667,66.97,63,74,9.62,broken clouds
643,Vardo,NO,70.3705,31.1107,26.58,86,75,4.61,light snow
644,Tivaouane,SN,14.9515,-16.8129,80.94,24,77,11.39,broken clouds
645,Pillaro,EC,-1.1667,-78.5333,59.58,63,40,6.24,scattered clouds
646,Haverfordwest,GB,51.8017,-4.9691,61.05,69,100,4.0,overcast clouds
647,Ascension,US,30.2169,-90.9001,82.99,75,75,4.61,broken clouds
648,Coos Bay,US,43.3665,-124.2179,48.99,95,100,4.61,overcast clouds
649,Yangshe,CN,31.8899,120.6052,64.99,65,25,9.26,scattered clouds
650,Wilmington,US,34.2257,-77.9447,84.97,62,0,11.5,clear sky
651,Salinopolis,BR,-0.6136,-47.3561,79.83,87,95,5.37,moderate rain
652,Cuiluan,CN,47.72,128.648,38.17,88,66,2.93,broken clouds
653,Burshtyn,UA,49.2587,24.6278,61.11,61,63,7.63,broken clouds
654,Richards Bay,ZA,-28.783,32.0377,71.22,74,0,10.56,clear sky
655,Tooele,US,40.5308,-112.2983,39.97,81,40,8.05,scattered clouds
656,Port Augusta,AU,-32.5,137.7667,60.75,62,0,4.61,clear sky
657,Saint-Pierre,RE,-21.3393,55.4781,76.68,76,40,10.36,scattered clouds
658,Half Moon Bay,US,37.4636,-122.4286,60.04,60,0,18.41,haze
659,Del Rio,US,29.3627,-100.8968,78.24,78,100,14.97,overcast clouds
660,Harnosand,SE,62.6323,17.9379,42.82,41,100,15.21,overcast clouds
661,Maltahohe,NA,-24.8333,16.9833,78.98,19,10,9.64,clear sky
662,Tucupita,VE,9.0622,-62.051,87.89,55,53,6.35,broken clouds
663,Liwale,TZ,-9.7667,37.9333,71.04,78,67,5.64,broken clouds
664,Benjamin Hill,MX,30.1667,-111.1,70.88,24,100,18.03,overcast clouds
665,Bimbo,CF,4.2567,18.4158,94.1,35,100,6.44,overcast clouds
666,Yumaguzino,RU,52.9041,56.3933,50.74,47,37,4.43,scattered clouds
667,Coxim,BR,-18.5067,-54.76,89.78,37,28,10.56,scattered clouds
668,Zhaotong,CN,27.3167,103.7167,52.11,61,88,0.51,overcast clouds
669,Miracema Do Tocantins,BR,-9.5618,-48.3967,90.43,46,52,4.99,broken clouds
670,Rodrigues Alves,BR,-7.738,-72.6509,82.6,64,92,3.85,overcast clouds
671,Deputatskiy,RU,69.3,139.9,20.37,99,100,2.26,overcast clouds
672,Tando Adam,PK,25.7637,68.661,92.66,25,0,17.22,clear sky
673,Fort Nelson,CA,58.8053,-122.7002,42.39,75,75,2.3,broken clouds
674,Osoyoos,CA,49.0331,-119.4524,57.61,51,13,2.3,few clouds
675,Mocuba,MZ,-16.8392,36.9856,68.68,95,31,4.12,light rain
676,Khilok,RU,51.3674,110.4676,49.96,83,99,11.12,overcast clouds
677,Tianpeng,CN,30.9866,103.9393,64.87,54,100,2.93,overcast clouds
678,Aden,YE,12.7794,45.0367,86.4,71,10,5.97,clear sky
679,Trairi,BR,-3.2778,-39.2689,83.21,83,97,11.48,overcast clouds
680,Kadyy,RU,57.787,43.1903,53.56,58,100,10.76,overcast clouds
681,Linqiong,CN,30.4159,103.4609,66.02,54,99,3.51,overcast clouds
682,Zeya,RU,53.75,127.2667,31.86,90,76,3.69,broken clouds
683,Tandil,AR,-37.3217,-59.1332,56.68,54,0,8.28,clear sky
684,Lakatoro,VU,-16.0999,167.4164,78.93,83,12,4.23,few clouds
685,Flinders,AU,-34.5833,150.8552,62.38,83,0,3.0,clear sky
686,Ljig,RS,44.2301,20.2382,66.09,46,99,7.18,overcast clouds
687,Imeni Poliny Osipenko,RU,52.4201,136.4853,31.44,96,73,9.53,broken clouds
688,Dindori,IN,22.95,81.0833,90.23,19,36,5.79,scattered clouds
689,Trojan,PL,53.7897,20.2404,50.11,81,98,7.25,overcast clouds
690,Wasilla,US,61.5814,-149.4394,42.22,64,100,5.75,overcast clouds
691,Camacha,PT,33.0833,-16.3333,63.82,68,40,19.57,scattered clouds
692,Bettiah,IN,26.8,84.5,91.08,38,55,6.76,broken clouds
693,Mogadishu,SO,2.0371,45.3438,83.55,75,96,18.9,overcast clouds
694,Bogorodskoye,RU,56.55,37.8833,52.74,57,100,11.39,overcast clouds
695,Petropavlovsk-Kamchatskiy,RU,53.0452,158.6483,28.99,100,75,4.47,broken clouds
696,Whitecourt,CA,54.1502,-115.6855,40.24,93,100,5.75,overcast clouds
697,Ossora,RU,59.2353,163.0719,21.13,98,77,5.08,broken clouds
698,Tecoanapa,MX,16.5167,-98.75,85.55,49,100,5.46,overcast clouds
699,Khalkhal,IR,37.6189,48.5258,53.56,73,100,2.37,light rain
700,Ostersund,SE,63.1792,14.6357,37.85,56,20,18.41,few clouds
701,Prado,BR,-17.3411,-39.2208,82.54,59,2,8.23,clear sky
702,Nyrob,RU,60.733,56.7202,43.57,77,100,9.82,overcast clouds
703,Kajaani,FI,64.2273,27.7285,35.65,51,75,16.11,broken clouds
704,Kidal,ML,18.4411,1.4078,97.12,6,100,13.15,overcast clouds
705,Erdenet,MN,49.0333,104.0833,59.2,27,100,5.01,overcast clouds
706,Verdun,FR,49.25,5.3333,63.81,66,21,9.01,few clouds
707,Matara,LK,5.9485,80.5353,80.74,87,12,7.76,few clouds
708,El Vigia,VE,8.6219,-71.6506,89.98,48,33,4.94,scattered clouds
709,Boca Do Acre,BR,-8.7522,-67.3978,83.82,68,100,3.8,overcast clouds
710,Qui Nhon,VN,13.7667,109.2333,77.22,77,97,18.52,overcast clouds
711,Marsa Matruh,EG,31.3525,27.2453,66.65,79,0,19.26,clear sky
